Week,Полив,Подкормка,Обработка от вредителей,Обрезка/формирование куста,Прополка,Мульчирование почвы,Пересадка в открытый грунт,Подготовка к зимнему покою,Примечания
1,"редко, по влажности субстрата и t воздуха",,,,,,,,Месяц: Январь. Учитывать фактическую t и влажность воздуха/субстрата. Корректировать частоту полива и проветривание теплицы.
2,"редко, по влажности субстрата и t воздуха",,,,,,,,Месяц: Январь. Учитывать фактическую t и влажность воздуха/субстрата. Корректировать частоту полива и проветривание теплицы.
3,"редко, по влажности субстрата и t воздуха",,,,,,,,Месяц: Январь. Учитывать фактическую t и влажность воздуха/субстрата. Корректировать частоту полива и проветривание теплицы.
4,"редко, по влажности субстрата и t воздуха",,,,,,,,Месяц: Январь. Учитывать фактическую t и влажность воздуха/субстрата. Корректировать частоту полива и проветривание теплицы.
5,"редко, по влажности субстрата и t воздуха",,,,,,,,Месяц: Февраль. Учитывать фактическую t и влажность воздуха/субстрата. Корректировать частоту полива и проветривание теплицы.
6,"редко, по влажности субстрата и t воздуха",,,,,,,,Месяц: Февраль. Учитывать фактическую t и влажность воздуха/субстрата. Корректировать частоту полива и проветривание теплицы.
7,"редко, по влажности субстрата и t воздуха",,,,,,,,Месяц: Февраль. Учитывать фактическую t и влажность воздуха/субстрата. Корректировать частоту полива и проветривание теплицы.
8,"редко, по влажности субстрата и t воздуха",,,,,,,,Месяц: Февраль. Учитывать фактическую t и влажность воздуха/субстрата. Корректировать частоту полива и проветривание теплицы.
9,"еженедельно, по влажности субстрата",,,"санитарная и формирующая обрезка у древесных, без сильного ослабления",,,,,Месяц: Март. Учитывать фактическую t и влажность воздуха/субстрата. Корректировать частоту полива и проветривание теплицы.
10,"еженедельно, по влажности субстрата","корневая подкормка по видам, см. норму для культур",,"санитарная и формирующая обрезка у древесных, без сильного ослабления",,,,,Месяц: Март. Учитывать фактическую t и влажность воздуха/субстрата. Корректировать частоту полива и проветривание теплицы.
11,"еженедельно, по влажности субстрата",,,"санитарная и формирующая обрезка у древесных, без сильного ослабления",,,,,Месяц: Март. Учитывать фактическую t и влажность воздуха/субстрата. Корректировать частоту полива и проветривание теплицы.
12,"еженедельно, по влажности субстрата",,,,,,,,Месяц: Март. Учитывать фактическую t и влажность воздуха/субстрата. Корректировать частоту полива и проветривание теплицы.
13,"еженедельно, по влажности субстрата",,,,,,,,Месяц: Март. Учитывать фактическую t и влажность воздуха/субстрата. Корректировать частоту полива и проветривание теплицы.
14,"еженедельно, по влажности субстрата",,"профилактическая обработка, при превышении порога вредителя — повтор",,прополка и рыхление верхнего слоя субстрата,"обновление слоя мульчи (кора, щепа, торф)",,,Месяц: Апрель. Учитывать фактическую t и влажность воздуха/субстрата. Корректировать частоту полива и проветривание теплицы.
15,"еженедельно, по влажности субстрата","корневая подкормка по видам, см. норму для культур",,,прополка и рыхление верхнего слоя субстрата,"обновление слоя мульчи (кора, щепа, торф)",,,Месяц: Апрель. Учитывать фактическую t и влажность воздуха/субстрата. Корректировать частоту полива и проветривание теплицы.
16,"еженедельно, по влажности субстрата",,,,прополка и рыхление верхнего слоя субстрата,"обновление слоя мульчи (кора, щепа, торф)",,,Месяц: Апрель. Учитывать фактическую t и влажность воздуха/субстрата. Корректировать частоту полива и проветривание теплицы.
17,"еженедельно, по влажности субстрата",,,,прополка и рыхление верхнего слоя субстрата,"обновление слоя мульчи (кора, щепа, торф)",,,Месяц: Апрель. Учитывать фактическую t и влажность воздуха/субстрата. Корректировать частоту полива и проветривание теплицы.
18,"еженедельно, по влажности субстрата",,"профилактическая обработка, при превышении порога вредителя — повтор",,прополка и рыхление верхнего слоя субстрата,,окно для пересадки достигших 5 лет или 1 м высоты видов в ОГ,,Месяц: Май. Учитывать фактическую t и влажность воздуха/субстрата. Корректировать частоту полива и проветривание теплицы.
19,"еженедельно, по влажности субстрата","корневая подкормка по видам, см. норму для культур",,,прополка и рыхление верхнего слоя субстрата,,окно для пересадки достигших 5 лет или 1 м высоты видов в ОГ,,Месяц: Май. Учитывать фактическую t и влажность воздуха/субстрата. Корректировать частоту полива и проветривание теплицы.
20,"еженедельно, по влажности субстрата",,,,прополка и рыхление верхнего слоя субстрата,,окно для пересадки достигших 5 лет или 1 м высоты видов в ОГ,,Месяц: Май. Учитывать фактическую t и влажность воздуха/субстрата. Корректировать частоту полива и проветривание теплицы.
21,"еженедельно, по влажности субстрата",,,,прополка и рыхление верхнего слоя субстрата,,окно для пересадки достигших 5 лет или 1 м высоты видов в ОГ,,Месяц: Май. Учитывать фактическую t и влажность воздуха/субстрата. Корректировать частоту полива и проветривание теплицы.
22,"еженедельно, по влажности субстрата",,"профилактическая обработка, при превышении порога вредителя — повтор",,прополка и рыхление верхнего слоя субстрата,"контроль состояния мульчи, при перегреве – обновление",,,Месяц: Июнь. Учитывать фактическую t и влажность воздуха/субстрата. Корректировать частоту полива и проветривание теплицы.
23,"еженедельно, по влажности субстрата","корневая подкормка по видам, см. норму для культур",,,прополка и рыхление верхнего слоя субстрата,"контроль состояния мульчи, при перегреве – обновление",,,Месяц: Июнь. Учитывать фактическую t и влажность воздуха/субстрата. Корректировать частоту полива и проветривание теплицы.
24,"еженедельно, по влажности субстрата",,,,прополка и рыхление верхнего слоя субстрата,,,,Месяц: Июнь. Учитывать фактическую t и влажность воздуха/субстрата. Корректировать частоту полива и проветривание теплицы.
25,"еженедельно, по влажности субстрата",,,корректирующая формировка кустарников и роз после волны цветения,прополка и рыхление верхнего слоя субстрата,,,,Месяц: Июнь. Учитывать фактическую t и влажность воздуха/субстрата. Корректировать частоту полива и проветривание теплицы.
26,"еженедельно, по влажности субстрата",,"профилактическая обработка, при превышении порога вредителя — повтор",корректирующая формировка кустарников и роз после волны цветения,прополка и рыхление верхнего слоя субстрата,,,,Месяц: Июнь. Учитывать фактическую t и влажность воздуха/субстрата. Корректировать частоту полива и проветривание теплицы.
27,"еженедельно, по влажности субстрата","корневая подкормка по видам, см. норму для культур",,,прополка и рыхление верхнего слоя субстрата,,,,Месяц: Июль. Учитывать фактическую t и влажность воздуха/субстрата. Корректировать частоту полива и проветривание теплицы.
28,"еженедельно, по влажности субстрата",,,,прополка и рыхление верхнего слоя субстрата,,,,Месяц: Июль. Учитывать фактическую t и влажность воздуха/субстрата. Корректировать частоту полива и проветривание теплицы.
29,"еженедельно, по влажности субстрата",,,,прополка и рыхление верхнего слоя субстрата,,,,Месяц: Июль. Учитывать фактическую t и влажность воздуха/субстрата. Корректировать частоту полива и проветривание теплицы.
30,"еженедельно, по влажности субстрата",,"профилактическая обработка, при превышении порога вредителя — повтор",,прополка и рыхление верхнего слоя субстрата,,,,Месяц: Июль. Учитывать фактическую t и влажность воздуха/субстрата. Корректировать частоту полива и проветривание теплицы.
31,"еженедельно, по влажности субстрата","корневая подкормка по видам, см. норму для культур",,,прополка и рыхление верхнего слоя субстрата,,,,Месяц: Август. Учитывать фактическую t и влажность воздуха/субстрата. Корректировать частоту полива и проветривание теплицы.
32,"еженедельно, по влажности субстрата",,,"легкая формирующая обрезка, удаление отцветших соцветий",прополка и рыхление верхнего слоя субстрата,,,,Месяц: Август. Учитывать фактическую t и влажность воздуха/субстрата. Корректировать частоту полива и проветривание теплицы.
33,"еженедельно, по влажности субстрата",,,"легкая формирующая обрезка, удаление отцветших соцветий",прополка и рыхление верхнего слоя субстрата,,,,Месяц: Август. Учитывать фактическую t и влажность воздуха/субстрата. Корректировать частоту полива и проветривание теплицы.
34,"еженедельно, по влажности субстрата",,"профилактическая обработка, при превышении порога вредителя — повтор",,прополка и рыхление верхнего слоя субстрата,,,,Месяц: Август. Учитывать фактическую t и влажность воздуха/субстрата. Корректировать частоту полива и проветривание теплицы.
35,"еженедельно, по влажности субстрата",,,,прополка и рыхление верхнего слоя субстрата,,,,Месяц: Август. Учитывать фактическую t и влажность воздуха/субстрата. Корректировать частоту полива и проветривание теплицы.
36,"еженедельно, по влажности субстрата",,,,прополка и рыхление верхнего слоя субстрата,,окно для пересадки достигших 5 лет или 1 м высоты видов в ОГ,,Месяц: Сентябрь. Учитывать фактическую t и влажность воздуха/субстрата. Корректировать частоту полива и проветривание теплицы.
37,"еженедельно, по влажности субстрата",,,,прополка и рыхление верхнего слоя субстрата,,окно для пересадки достигших 5 лет или 1 м высоты видов в ОГ,,Месяц: Сентябрь. Учитывать фактическую t и влажность воздуха/субстрата. Корректировать частоту полива и проветривание теплицы.
38,"еженедельно, по влажности субстрата",,,,прополка и рыхление верхнего слоя субстрата,,окно для пересадки достигших 5 лет или 1 м высоты видов в ОГ,,Месяц: Сентябрь. Учитывать фактическую t и влажность воздуха/субстрата. Корректировать частоту полива и проветривание теплицы.
39,"еженедельно, по влажности субстрата",,,,прополка и рыхление верхнего слоя субстрата,,окно для пересадки достигших 5 лет или 1 м высоты видов в ОГ,,Месяц: Сентябрь. Учитывать фактическую t и влажность воздуха/субстрата. Корректировать частоту полива и проветривание теплицы.
40,"еженедельно, по влажности субстрата",,,,прополка и рыхление верхнего слоя субстрата,"осеннее мульчирование корневой зоны, усиление слоя к зиме",,"укрытие по видам (листв. опад, агроволокно, снег), обрезка отплодоносивших побегов",Месяц: Октябрь. Учитывать фактическую t и влажность воздуха/субстрата. Корректировать частоту полива и проветривание теплицы.
41,"еженедельно, по влажности субстрата",,,,прополка и рыхление верхнего слоя субстрата,"осеннее мульчирование корневой зоны, усиление слоя к зиме",,"укрытие по видам (листв. опад, агроволокно, снег), обрезка отплодоносивших побегов",Месяц: Октябрь. Учитывать фактическую t и влажность воздуха/субстрата. Корректировать частоту полива и проветривание теплицы.
42,"еженедельно, по влажности субстрата",,,,прополка и рыхление верхнего слоя субстрата,"осеннее мульчирование корневой зоны, усиление слоя к зиме",,"укрытие по видам (листв. опад, агроволокно, снег), обрезка отплодоносивших побегов",Месяц: Октябрь. Учитывать фактическую t и влажность воздуха/субстрата. Корректировать частоту полива и проветривание теплицы.
43,"еженедельно, по влажности субстрата",,,,прополка и рыхление верхнего слоя субстрата,"осеннее мульчирование корневой зоны, усиление слоя к зиме",,"укрытие по видам (листв. опад, агроволокно, снег), обрезка отплодоносивших побегов",Месяц: Октябрь. Учитывать фактическую t и влажность воздуха/субстрата. Корректировать частоту полива и проветривание теплицы.
44,"редко, по влажности субстрата и t воздуха",,,,,"осеннее мульчирование корневой зоны, усиление слоя к зиме",,"укрытие по видам (листв. опад, агроволокно, снег), обрезка отплодоносивших побегов",Месяц: Ноябрь. Учитывать фактическую t и влажность воздуха/субстрата. Корректировать частоту полива и проветривание теплицы.
45,"редко, по влажности субстрата и t воздуха",,,,,"осеннее мульчирование корневой зоны, усиление слоя к зиме",,"укрытие по видам (листв. опад, агроволокно, снег), обрезка отплодоносивших побегов",Месяц: Ноябрь. Учитывать фактическую t и влажность воздуха/субстрата. Корректировать частоту полива и проветривание теплицы.
46,"редко, по влажности субстрата и t воздуха",,,,,"осеннее мульчирование корневой зоны, усиление слоя к зиме",,"укрытие по видам (листв. опад, агроволокно, снег), обрезка отплодоносивших побегов",Месяц: Ноябрь. Учитывать фактическую t и влажность воздуха/субстрата. Корректировать частоту полива и проветривание теплицы.
47,"редко, по влажности субстрата и t воздуха",,,,,"осеннее мульчирование корневой зоны, усиление слоя к зиме",,"укрытие по видам (листв. опад, агроволокно, снег), обрезка отплодоносивших побегов",Месяц: Ноябрь. Учитывать фактическую t и влажность воздуха/субстрата. Корректировать частоту полива и проветривание теплицы.
48,"редко, по влажности субстрата и t воздуха",,,,,"осеннее мульчирование корневой зоны, усиление слоя к зиме",,"укрытие по видам (листв. опад, агроволокно, снег), обрезка отплодоносивших побегов",Месяц: Ноябрь. Учитывать фактическую t и влажность воздуха/субстрата. Корректировать частоту полива и проветривание теплицы.
49,"редко, по влажности субстрата и t воздуха",,,,,,,,Месяц: Декабрь. Учитывать фактическую t и влажность воздуха/субстрата. Корректировать частоту полива и проветривание теплицы.
50,"редко, по влажности субстрата и t воздуха",,,,,,,,Месяц: Декабрь. Учитывать фактическую t и влажность воздуха/субстрата. Корректировать частоту полива и проветривание теплицы.
51,"редко, по влажности субстрата и t воздуха",,,,,,,,Месяц: Декабрь. Учитывать фактическую t и влажность воздуха/субстрата. Корректировать частоту полива и проветривание теплицы.
52,"редко, по влажности субстрата и t воздуха",,,,,,,,Месяц: Декабрь. Учитывать фактическую t и влажность воздуха/субстрата. Корректировать частоту полива и проветривание теплицы.
